studentID,questionId,answers
0,0,1;0;1;1
0,1,1;0;1;1
0,2,0;0;0;0
0,3,1;1;1;0
0,4,0;1;0;1
0,5,0;0;1;0
0,6,1;1;0;0
0,7,0;0;1;0
0,8,0;0;0;1
0,9,1;0;1;1
0,10,1;1;1;0
0,11,1;1;0;0
0,12,1;1;0;1
0,13,0;1;0;1
0,14,0;0;1;1
0,15,1;0;1;1
0,16,0;0;0;0
0,17,1;0;1;1
0,18,0;0;1;1
0,19,1;0;1;1
1,0,1;1;1;1
1,1,1;0;0;1
1,2,1;1;1;0
1,3,1;1;0;1
1,4,0;0;1;0
1,5,0;1;0;0
1,6,1;0;0;1
1,7,0;0;1;0
1,8,0;0;0;1
1,9,0;1;1;1
1,10,0;1;1;1
1,11,1;1;1;1
1,12,0;0;0;0
1,13,0;0;0;1
1,14,0;1;0;0
1,15,0;0;0;1
1,16,0;1;1;0
1,17,1;0;0;1
1,18,1;1;1;1
1,19,1;1;1;1
2,0,0;1;0;1
2,1,0;0;0;1
2,2,1;0;1;1
2,3,0;1;0;0
2,4,1;0;0;1
2,5,0;0;0;0
2,6,0;1;0;1
2,7,1;0;0;0
2,8,0;1;0;1
2,9,0;1;0;0
2,10,1;0;0;1
2,11,1;1;0;0
2,12,1;0;1;0
2,13,1;1;1;1
2,14,1;1;0;1
2,15,1;0;1;1
2,16,1;1;1;0
2,17,0;1;0;0
2,18,1;0;1;1
2,19,1;1;0;1
3,0,0;1;0;0
3,1,0;0;1;1
3,2,0;0;0;0
3,3,1;1;1;0
3,4,1;0;0;1
3,5,1;1;0;1
3,6,0;1;1;0
3,7,0;1;0;0
3,8,0;0;1;0
3,9,0;0;1;1
3,10,0;1;1;0
3,11,1;0;1;0
3,12,0;1;0;0
3,13,0;0;1;1
3,14,1;1;0;1
3,15,1;1;1;0
3,16,1;1;0;1
3,17,0;0;0;0
3,18,0;0;1;1
3,19,0;0;1;1
4,0,1;0;1;1
4,1,1;0;1;0
4,2,0;1;0;1
4,3,1;0;1;0
4,4,0;0;0;0
4,5,1;1;0;0
4,6,1;0;1;1
4,7,1;1;1;0
4,8,0;0;1;1
4,9,1;0;0;1
4,10,1;1;1;1
4,11,1;1;0;1
4,12,0;0;1;1
4,13,0;0;0;0
4,14,0;1;1;0
4,15,0;1;0;1
4,16,1;1;1;1
4,17,0;0;0;1
4,18,1;1;1;0
4,19,1;1;0;0
5,0,0;0;0;1
5,1,0;1;1;0
5,2,1;0;0;1
5,3,0;1;1;0
5,4,1;1;0;0
5,5,0;1;1;0
5,6,1;1;1;1
5,7,0;0;1;0
5,8,1;1;0;0
5,9,0;1;1;1
5,10,0;1;1;0
5,11,1;0;1;0
5,12,1;1;1;1
5,13,1;1;0;1
5,14,1;0;1;1
5,15,1;0;1;0
5,16,1;0;0;0
5,17,1;0;1;0
5,18,1;0;0;0
5,19,1;0;1;1
6,0,0;0;0;1
6,1,0;1;0;0
6,2,1;0;1;0
6,3,1;1;0;0
6,4,1;0;0;0
6,5,0;0;0;0
6,6,1;1;1;0
6,7,0;0;1;0
6,8,0;0;1;1
6,9,1;0;0;1
6,10,1;0;0;1
6,11,1;1;1;0
6,12,1;1;0;1
6,13,1;0;0;1
6,14,1;1;0;1
6,15,1;1;1;0
6,16,1;0;0;1
6,17,0;0;0;0
6,18,0;1;0;0
6,19,0;1;1;0
7,0,0;1;0;1
7,1,0;1;0;1
7,2,1;0;0;1
7,3,1;1;0;0
7,4,1;1;0;1
7,5,1;1;1;1
7,6,1;0;1;0
7,7,1;1;0;0
7,8,1;0;0;1
7,9,1;0;0;0
7,10,0;1;0;0
7,11,1;0;1;1
7,12,1;0;0;0
7,13,1;0;1;0
7,14,1;1;1;0
7,15,0;0;1;0
7,16,1;1;0;0
7,17,1;1;1;0
7,18,1;0;1;0
7,19,0;1;1;1
8,0,0;1;0;0
8,1,1;0;1;1
8,2,1;0;0;1
8,3,0;1;0;0
8,4,0;1;1;1
8,5,0;1;0;0
8,6,1;0;0;1
8,7,1;1;1;0
8,8,0;1;0;0
8,9,1;0;1;1
8,10,0;1;1;1
8,11,1;0;1;1
8,12,1;0;0;0
8,13,0;1;1;0
8,14,1;1;1;0
8,15,1;0;0;0
8,16,0;0;1;1
8,17,1;0;1;0
8,18,0;1;0;0
8,19,0;1;1;1
9,0,0;0;1;1
9,1,1;1;1;1
9,2,1;1;0;0
9,3,0;1;1;0
9,4,1;0;1;0
9,5,1;0;1;0
9,6,0;1;1;1
9,7,0;1;1;1
9,8,1;1;0;1
9,9,1;0;1;1
9,10,0;0;0;0
9,11,1;1;1;0
9,12,0;0;1;0
9,13,0;0;0;1
9,14,0;0;0;0
9,15,0;0;1;0
9,16,0;0;0;1
9,17,1;0;1;0
9,18,0;1;1;0
9,19,0;1;1;1
10,0,0;0;0;1
10,1,1;0;1;0
10,2,1;1;1;0
10,3,0;0;1;0
10,4,0;0;1;0
10,5,1;1;0;0
10,6,1;0;0;1
10,7,1;1;0;0
10,8,1;0;0;0
10,9,1;1;0;0
10,10,0;1;1;0
10,11,0;1;1;0
10,12,0;0;0;0
10,13,1;0;1;1
10,14,1;1;0;1
10,15,1;0;0;0
10,16,1;1;0;0
10,17,1;0;1;0
10,18,1;1;1;1
10,19,1;1;0;0
11,0,1;1;1;1
11,1,1;0;0;1
11,2,0;1;0;0
11,3,0;0;0;0
11,4,0;1;0;0
11,5,1;1;1;1
11,6,1;1;0;1
11,7,0;1;1;0
11,8,1;0;1;1
11,9,1;0;0;0
11,10,0;1;0;1
11,11,1;1;0;1
11,12,1;0;0;1
11,13,0;0;1;1
11,14,1;1;0;0
11,15,1;1;1;0
11,16,1;0;1;1
11,17,1;1;1;1
11,18,0;1;0;0
11,19,0;1;0;1
12,0,1;1;1;0
12,1,1;1;1;0
12,2,0;1;0;1
12,3,0;0;1;0
12,4,1;1;0;0
12,5,0;1;0;0
12,6,1;1;0;1
12,7,1;1;1;1
12,8,0;1;0;0
12,9,0;0;1;1
12,10,1;0;0;0
12,11,1;0;1;1
12,12,0;1;1;0
12,13,0;1;1;1
12,14,0;0;0;0
12,15,0;0;0;1
12,16,1;1;0;1
12,17,0;1;1;0
12,18,1;0;1;1
12,19,0;1;1;0
13,0,0;1;1;1
13,1,0;1;0;1
13,2,0;0;1;1
13,3,1;0;0;0
13,4,0;1;1;1
13,5,0;1;1;0
13,6,1;1;1;1
13,7,0;1;0;0
13,8,0;1;1;0
13,9,1;0;1;0
13,10,1;0;0;0
13,11,0;1;1;0
13,12,0;0;1;1
13,13,1;0;1;1
13,14,1;1;0;1
13,15,1;0;0;0
13,16,0;0;1;0
13,17,0;1;0;1
13,18,0;1;1;0
13,19,1;1;1;1
14,0,1;0;0;1
14,1,0;1;0;1
14,2,1;1;1;0
14,3,0;1;1;0
14,4,1;0;1;0
14,5,1;1;0;1
14,6,1;0;1;1
14,7,0;1;0;1
14,8,0;0;0;0
14,9,0;1;1;0
14,10,1;1;0;0
14,11,0;1;1;1
14,12,1;0;1;1
14,13,0;0;1;0
14,14,0;0;0;0
14,15,1;1;1;1
14,16,0;0;0;1
14,17,1;1;0;1
14,18,0;1;1;1
14,19,0;0;1;1
15,0,1;0;0;1
15,1,1;1;0;0
15,2,1;0;0;0
15,3,1;0;0;1
15,4,0;1;1;1
15,5,0;1;1;0
15,6,1;0;1;1
15,7,0;1;1;1
15,8,0;0;0;1
15,9,0;0;1;1
15,10,1;0;1;1
15,11,1;1;0;1
15,12,1;0;1;1
15,13,0;1;1;1
15,14,1;0;1;0
15,15,0;1;0;1
15,16,1;0;0;0
15,17,1;1;1;1
15,18,0;1;1;1
15,19,0;1;1;0
16,0,0;0;0;0
16,1,0;0;1;0
16,2,0;1;0;1
16,3,0;0;0;1
16,4,0;0;1;1
16,5,1;1;1;0
16,6,0;1;0;0
16,7,1;0;0;1
16,8,1;0;0;0
16,9,0;0;1;0
16,10,1;1;1;0
16,11,1;0;0;0
16,12,1;0;0;0
16,13,0;1;0;1
16,14,1;0;0;1
16,15,0;0;0;0
16,16,1;1;1;1
16,17,0;0;0;1
16,18,1;1;0;0
16,19,0;0;0;1
17,0,1;0;0;0
17,1,0;0;0;1
17,2,1;1;1;0
17,3,1;0;1;0
17,4,1;1;0;0
17,5,0;1;0;0
17,6,1;0;0;0
17,7,1;1;1;1
17,8,0;0;0;1
17,9,1;0;1;1
17,10,0;0;1;0
17,11,0;1;1;0
17,12,1;1;1;1
17,13,1;1;0;0
17,14,1;0;0;1
17,15,1;1;1;0
17,16,0;0;1;0
17,17,0;0;0;0
17,18,0;1;1;0
17,19,0;1;0;1
18,0,1;1;1;0
18,1,0;1;1;0
18,2,0;1;0;0
18,3,1;1;1;0
18,4,0;1;1;1
18,5,1;1;0;1
18,6,1;0;1;1
18,7,1;0;0;0
18,8,0;1;0;1
18,9,1;1;1;1
18,10,1;1;1;0
18,11,1;0;1;1
18,12,0;0;1;0
18,13,1;1;1;0
18,14,1;0;1;0
18,15,1;0;1;1
18,16,1;0;1;1
18,17,1;0;0;1
18,18,1;0;0;1
18,19,1;0;0;0
19,0,0;1;0;1
19,1,0;0;0;0
19,2,1;0;1;1
19,3,1;1;0;0
19,4,1;0;1;0
19,5,0;0;0;0
19,6,0;0;0;1
19,7,1;1;1;1
19,8,1;1;0;1
19,9,0;1;0;0
19,10,1;1;1;0
19,11,1;0;0;1
19,12,0;1;1;1
19,13,1;1;1;0
19,14,0;1;1;0
19,15,1;0;0;0
19,16,0;1;0;1
19,17,0;1;0;1
19,18,1;1;1;0
19,19,1;1;0;0
20,0,1;1;1;1
20,1,1;0;0;0
20,2,0;0;0;0
20,3,1;1;1;0
20,4,0;0;1;0
20,5,1;1;0;1
20,6,1;0;0;0
20,7,1;0;0;0
20,8,0;1;1;1
20,9,0;1;1;1
20,10,0;0;1;1
20,11,1;1;1;1
20,12,0;1;0;0
20,13,0;1;0;1
20,14,0;0;1;0
20,15,0;0;1;0
20,16,0;0;0;1
20,17,1;1;1;1
20,18,1;0;0;0
20,19,1;1;1;0
21,0,1;0;1;0
21,1,0;1;1;0
21,2,0;1;1;1
21,3,0;0;0;1
21,4,1;1;1;0
21,5,0;1;0;0
21,6,1;0;1;1
21,7,1;0;1;1
21,8,0;0;0;0
21,9,1;1;1;0
21,10,0;0;1;1
21,11,0;1;1;0
21,12,0;0;0;0
21,13,1;0;0;1
21,14,0;0;0;1
21,15,1;1;0;1
21,16,0;1;0;1
21,17,0;1;1;1
21,18,0;1;1;0
21,19,1;0;1;0
22,0,0;1;0;1
22,1,1;1;0;0
22,2,1;0;1;0
22,3,1;1;0;0
22,4,0;0;1;1
22,5,1;1;1;0
22,6,0;0;0;1
22,7,0;0;0;0
22,8,0;1;0;1
22,9,0;0;1;1
22,10,0;0;1;0
22,11,1;1;1;1
22,12,0;0;0;1
22,13,1;1;1;0
22,14,0;0;0;1
22,15,0;0;1;1
22,16,1;0;1;0
22,17,0;0;1;0
22,18,0;1;0;1
22,19,0;0;0;1
23,0,1;1;0;1
23,1,0;1;0;1
23,2,1;0;0;0
23,3,0;0;1;1
23,4,1;0;0;1
23,5,1;1;1;0
23,6,0;0;0;1
23,7,1;0;0;0
23,8,1;1;0;1
23,9,0;0;0;1
23,10,0;0;1;1
23,11,0;0;1;1
23,12,1;0;1;0
23,13,1;0;0;0
23,14,1;1;1;0
23,15,0;1;0;0
23,16,0;0;1;0
23,17,0;0;0;0
23,18,1;1;1;1
23,19,0;1;0;0
24,0,1;0;1;0
24,1,0;0;1;1
24,2,0;0;1;0
24,3,0;0;1;0
24,4,0;1;0;0
24,5,0;0;1;0
24,6,1;1;1;0
24,7,1;1;0;0
24,8,0;1;1;0
24,9,1;1;0;1
24,10,1;1;0;0
24,11,0;1;0;1
24,12,1;1;0;1
24,13,1;1;0;0
24,14,1;0;1;1
24,15,0;0;1;0
24,16,0;1;1;0
24,17,1;1;0;1
24,18,0;1;1;0
24,19,0;1;1;0
25,0,0;0;0;0
25,1,0;0;0;1
25,2,1;1;1;1
25,3,1;1;1;0
25,4,0;1;0;1
25,5,0;0;0;1
25,6,1;0;1;0
25,7,0;0;0;0
25,8,0;1;1;1
25,9,0;0;1;0
25,10,0;1;0;1
25,11,0;0;0;1
25,12,0;0;0;1
25,13,0;0;1;1
25,14,0;0;1;0
25,15,0;1;0;1
25,16,1;0;0;1
25,17,0;1;0;1
25,18,0;0;0;1
25,19,1;1;0;0
26,0,1;1;1;1
26,1,0;1;1;0
26,2,1;0;0;1
26,3,1;0;1;0
26,4,0;0;1;1
26,5,1;0;1;0
26,6,1;0;0;1
26,7,0;0;0;1
26,8,0;0;0;1
26,9,1;1;1;1
26,10,0;0;1;0
26,11,1;1;0;1
26,12,1;1;0;1
26,13,0;0;0;0
26,14,0;0;0;0
26,15,0;1;0;1
26,16,1;0;1;0
26,17,1;1;0;1
26,18,1;0;0;1
26,19,0;0;0;1
27,0,1;1;1;1
27,1,1;0;1;1
27,2,1;0;0;0
27,3,1;1;0;0
27,4,0;0;0;0
27,5,1;0;1;0
27,6,1;1;1;1
27,7,1;1;1;0
27,8,0;1;1;0
27,9,1;0;1;0
27,10,0;0;1;0
27,11,1;1;1;0
27,12,0;0;0;1
27,13,1;0;1;0
27,14,1;0;0;0
27,15,1;1;0;0
27,16,1;1;0;0
27,17,1;0;0;1
27,18,1;1;1;1
27,19,0;0;1;0
28,0,1;0;0;0
28,1,1;1;0;1
28,2,0;0;1;0
28,3,1;1;1;0
28,4,1;0;0;1
28,5,0;0;0;0
28,6,1;0;1;0
28,7,0;1;1;1
28,8,0;1;1;0
28,9,0;1;1;1
28,10,0;0;1;1
28,11,1;1;1;0
28,12,1;0;1;0
28,13,1;0;0;1
28,14,0;1;1;0
28,15,0;1;0;0
28,16,0;1;1;0
28,17,1;0;0;0
28,18,0;1;1;1
28,19,1;0;1;1
29,0,1;1;1;1
29,1,1;0;0;0
29,2,0;1;1;0
29,3,0;1;0;0
29,4,1;0;1;0
29,5,0;1;1;0
29,6,1;0;1;0
29,7,0;0;0;0
29,8,0;0;0;1
29,9,1;1;0;0
29,10,1;0;0;0
29,11,0;0;1;1
29,12,1;0;0;1
29,13,1;0;1;1
29,14,1;1;1;0
29,15,1;0;1;1
29,16,0;1;1;1
29,17,0;0;0;1
29,18,0;1;1;0
29,19,0;1;0;1
30,0,1;1;0;0
30,1,1;1;1;0
30,2,1;1;1;0
30,3,0;0;1;0
30,4,1;1;1;1
30,5,1;1;0;0
30,6,0;0;0;1
30,7,0;1;0;1
30,8,0;0;1;1
30,9,1;0;0;1
30,10,0;0;0;1
30,11,0;0;1;1
30,12,0;0;1;0
30,13,0;0;1;0
30,14,1;0;0;0
30,15,0;1;1;1
30,16,0;0;1;1
30,17,1;0;1;1
30,18,0;1;0;1
30,19,1;1;1;0
31,0,1;0;0;0
31,1,0;0;1;1
31,2,1;0;1;0
31,3,1;1;1;0
31,4,0;1;0;0
31,5,1;0;1;0
31,6,1;1;0;1
31,7,1;1;0;1
31,8,1;0;0;1
31,9,0;1;0;1
31,10,1;1;1;0
31,11,1;1;1;0
31,12,1;0;0;1
31,13,1;0;0;1
31,14,0;0;1;1
31,15,0;1;1;0
31,16,1;1;0;1
31,17,1;1;0;1
31,18,0;1;1;1
31,19,0;0;1;1
32,0,0;0;1;0
32,1,1;1;0;1
32,2,0;1;1;0
32,3,0;1;1;1
32,4,0;1;0;0
32,5,1;1;0;1
32,6,1;1;0;1
32,7,1;0;0;1
32,8,1;1;0;0
32,9,1;0;1;0
32,10,1;0;0;1
32,11,0;1;0;0
32,12,1;1;0;0
32,13,1;0;1;1
32,14,0;0;1;0
32,15,0;1;1;0
32,16,1;1;1;1
32,17,1;0;0;0
32,18,1;0;0;0
32,19,0;0;0;1
33,0,1;1;0;1
33,1,0;0;0;0
33,2,0;1;0;1
33,3,0;0;1;0
33,4,0;0;1;0
33,5,1;1;0;0
33,6,1;1;0;1
33,7,0;0;0;0
33,8,0;0;0;1
33,9,1;0;1;1
33,10,0;0;1;0
33,11,1;0;1;1
33,12,1;1;0;0
33,13,0;0;1;0
33,14,1;1;0;0
33,15,1;0;0;0
33,16,0;0;0;1
33,17,0;1;1;0
33,18,1;0;1;0
33,19,1;1;1;0
34,0,1;0;0;1
34,1,1;1;0;0
34,2,0;0;0;1
34,3,0;1;0;1
34,4,0;1;1;0
34,5,0;0;0;0
34,6,0;0;1;1
34,7,1;0;0;0
34,8,0;1;1;1
34,9,0;0;1;0
34,10,1;1;1;0
34,11,1;1;0;0
34,12,0;0;1;1
34,13,0;0;0;1
34,14,0;0;1;0
34,15,0;0;0;1
34,16,0;1;0;0
34,17,0;1;1;1
34,18,0;1;1;0
34,19,0;1;1;0
35,0,1;0;1;1
35,1,0;0;0;1
35,2,1;1;0;0
35,3,0;0;1;0
35,4,0;0;1;1
35,5,1;1;0;1
35,6,0;0;0;1
35,7,1;1;0;0
35,8,1;0;0;1
35,9,1;1;0;0
35,10,1;1;1;0
35,11,0;0;0;1
35,12,0;0;0;0
35,13,0;1;1;0
35,14,1;1;0;0
35,15,1;0;1;0
35,16,1;1;0;1
35,17,1;0;1;1
35,18,1;0;1;1
35,19,0;1;0;0
36,0,1;0;0;1
36,1,1;1;1;0
36,2,1;1;1;1
36,3,0;0;1;1
36,4,0;1;0;0
36,5,0;1;1;0
36,6,0;0;1;1
36,7,1;0;1;0
36,8,0;1;0;1
36,9,1;0;0;0
36,10,1;0;0;0
36,11,1;0;1;0
36,12,0;1;1;0
36,13,1;0;1;1
36,14,1;0;1;1
36,15,0;0;1;0
36,16,0;1;1;1
36,17,1;1;0;0
36,18,0;1;1;0
36,19,0;1;1;0
37,0,1;0;1;0
37,1,0;0;1;0
37,2,1;0;0;0
37,3,0;0;1;1
37,4,0;0;1;1
37,5,1;1;0;1
37,6,1;0;0;1
37,7,0;1;1;0
37,8,0;1;0;1
37,9,0;1;0;1
37,10,1;1;0;0
37,11,1;0;0;0
37,12,0;1;1;1
37,13,0;0;1;1
37,14,1;0;1;0
37,15,0;0;1;1
37,16,1;1;1;0
37,17,0;0;0;1
37,18,0;0;1;0
37,19,1;1;1;0
38,0,1;0;1;1
38,1,0;1;1;0
38,2,1;1;1;0
38,3,1;1;0;1
38,4,0;1;0;1
38,5,1;1;0;1
38,6,1;1;1;1
38,7,1;0;0;0
38,8,1;1;0;1
38,9,1;0;1;1
38,10,0;0;0;0
38,11,1;1;1;1
38,12,0;0;0;0
38,13,0;1;0;0
38,14,0;1;1;0
38,15,0;0;0;0
38,16,1;1;0;0
38,17,1;0;0;1
38,18,1;1;1;0
38,19,1;0;0;1
39,0,0;0;0;1
39,1,1;0;0;1
39,2,0;0;1;0
39,3,0;0;0;1
39,4,0;1;0;0
39,5,1;1;0;0
39,6,1;0;1;1
39,7,0;1;1;0
39,8,1;0;1;1
39,9,1;0;0;1
39,10,1;0;1;1
39,11,0;0;0;1
39,12,0;0;1;1
39,13,1;1;0;0
39,14,1;1;0;1
39,15,0;1;1;0
39,16,1;1;1;0
39,17,0;0;1;1
39,18,1;0;1;0
39,19,1;0;0;1
40,0,0;0;0;0
40,1,0;1;0;0
40,2,0;1;1;0
40,3,1;0;0;0
40,4,1;0;0;0
40,5,0;1;1;0
40,6,0;1;1;1
40,7,0;1;1;0
40,8,0;1;1;0
40,9,0;0;1;1
40,10,1;0;0;0
40,11,1;0;0;0
40,12,1;1;0;0
40,13,0;0;0;0
40,14,1;0;0;1
40,15,1;1;0;0
40,16,1;1;1;1
40,17,1;1;1;1
40,18,0;1;1;1
40,19,0;0;1;0
41,0,0;0;1;0
41,1,0;0;0;1
41,2,0;0;1;0
41,3,1;1;0;0
41,4,0;1;1;1
41,5,0;0;0;1
41,6,1;1;1;0
41,7,0;1;0;0
41,8,1;0;0;0
41,9,1;0;1;0
41,10,1;1;0;1
41,11,1;0;0;1
41,12,1;0;1;0
41,13,0;1;0;1
41,14,1;1;0;1
41,15,0;1;0;0
41,16,1;1;0;0
41,17,0;0;1;1
41,18,0;1;1;0
41,19,1;1;1;0
42,0,0;0;0;1
42,1,1;1;1;1
42,2,1;1;1;0
42,3,1;0;0;0
42,4,1;0;0;0
42,5,0;0;1;0
42,6,1;0;1;1
42,7,1;1;1;0
42,8,0;0;1;1
42,9,1;1;0;0
42,10,1;0;0;0
42,11,0;0;0;0
42,12,0;0;0;0
42,13,0;1;1;0
42,14,1;0;1;1
42,15,1;0;0;0
42,16,0;0;1;0
42,17,1;1;0;1
42,18,1;1;0;1
42,19,1;0;0;0
43,0,0;0;1;0
43,1,0;0;0;0
43,2,0;0;1;0
43,3,1;0;1;1
43,4,1;0;1;0
43,5,1;1;0;0
43,6,1;0;1;0
43,7,1;0;0;1
43,8,1;0;1;0
43,9,0;1;1;0
43,10,0;1;0;0
43,11,0;1;0;1
43,12,1;0;1;1
43,13,0;0;1;0
43,14,1;1;0;0
43,15,0;1;1;0
43,16,1;1;1;0
43,17,0;1;0;1
43,18,0;1;1;1
43,19,1;0;1;1
44,0,0;0;1;1
44,1,1;1;1;0
44,2,0;0;1;1
44,3,0;0;1;0
44,4,1;1;1;0
44,5,1;0;1;0
44,6,0;1;0;1
44,7,0;0;1;1
44,8,1;1;1;0
44,9,1;1;1;1
44,10,0;1;1;0
44,11,1;0;1;0
44,12,0;0;0;0
44,13,0;0;1;1
44,14,0;0;1;1
44,15,1;0;1;1
44,16,0;0;1;1
44,17,0;0;0;0
44,18,1;1;0;1
44,19,0;0;0;0
45,0,0;0;0;0
45,1,0;1;0;1
45,2,0;1;1;1
45,3,0;0;1;1
45,4,1;0;1;1
45,5,1;1;1;1
45,6,0;0;0;0
45,7,1;0;1;0
45,8,0;1;0;1
45,9,0;1;0;1
45,10,1;1;0;1
45,11,1;1;1;0
45,12,0;0;0;1
45,13,1;0;0;1
45,14,1;0;0;0
45,15,1;0;0;1
45,16,1;0;1;0
45,17,1;1;0;0
45,18,0;1;0;1
45,19,1;0;0;1
46,0,0;1;1;0
46,1,1;0;1;0
46,2,1;0;1;1
46,3,1;0;0;0
46,4,0;0;1;0
46,5,1;1;1;0
46,6,1;1;1;0
46,7,0;0;0;0
46,8,0;1;1;1
46,9,0;0;0;1
46,10,0;1;1;0
46,11,1;0;0;0
46,12,1;0;0;0
46,13,1;0;0;0
46,14,0;1;0;1
46,15,0;0;0;1
46,16,0;1;0;1
46,17,1;0;1;1
46,18,0;1;1;0
46,19,1;0;0;0
47,0,1;0;1;1
47,1,1;0;0;1
47,2,1;1;0;0
47,3,1;1;0;1
47,4,1;0;0;1
47,5,0;0;1;0
47,6,1;0;0;1
47,7,1;1;0;0
47,8,0;0;1;1
47,9,0;1;0;0
47,10,0;0;0;0
47,11,1;0;1;0
47,12,1;0;1;0
47,13,1;1;0;0
47,14,0;0;1;1
47,15,1;1;0;0
47,16,0;0;0;0
47,17,1;1;0;1
47,18,1;0;0;0
47,19,1;1;0;1
48,0,1;1;1;1
48,1,1;0;1;1
48,2,1;0;0;0
48,3,1;0;1;1
48,4,0;1;0;0
48,5,1;1;1;0
48,6,1;1;0;0
48,7,0;1;0;0
48,8,0;1;1;1
48,9,0;0;0;0
48,10,0;0;0;0
48,11,0;0;1;1
48,12,1;1;0;1
48,13,1;0;1;1
48,14,0;0;0;0
48,15,0;1;0;0
48,16,0;1;1;0
48,17,1;0;0;0
48,18,1;1;0;0
48,19,1;0;1;1
49,0,0;0;1;1
49,1,1;0;0;0
49,2,0;0;1;0
49,3,1;0;1;0
49,4,1;1;1;0
49,5,0;0;1;0
49,6,1;0;0;1
49,7,1;0;1;0
49,8,0;1;1;0
49,9,1;0;1;1
49,10,1;1;1;1
49,11,0;0;1;0
49,12,0;0;1;0
49,13,0;1;0;1
49,14,0;0;1;1
49,15,1;0;0;0
49,16,1;0;1;1
49,17,1;0;0;0
49,18,1;0;0;1
49,19,1;1;1;1
50,0,0;1;0;0
50,1,0;1;1;1
50,2,1;0;0;1
50,3,0;1;0;0
50,4,1;0;0;1
50,5,0;1;0;0
50,6,0;0;0;0
50,7,0;1;0;0
50,8,1;0;0;0
50,9,0;0;1;0
50,10,1;0;1;1
50,11,1;1;0;1
50,12,1;1;1;1
50,13,1;0;1;0
50,14,0;1;0;0
50,15,0;1;1;0
50,16,1;1;0;1
50,17,1;0;1;0
50,18,0;0;0;0
50,19,0;0;0;1
51,0,0;0;1;0
51,1,1;0;0;1
51,2,0;0;0;1
51,3,1;0;1;0
51,4,1;0;0;1
51,5,0;0;0;1
51,6,1;0;0;1
51,7,1;1;1;1
51,8,1;0;0;1
51,9,0;0;0;1
51,10,0;1;1;0
51,11,1;1;1;0
51,12,1;1;0;1
51,13,0;1;1;0
51,14,1;0;1;0
51,15,0;1;0;0
51,16,1;1;1;1
51,17,1;1;1;0
51,18,0;1;0;0
51,19,0;0;1;0
52,0,1;0;1;1
52,1,0;1;1;1
52,2,0;0;1;1
52,3,1;0;1;0
52,4,0;1;1;0
52,5,0;1;0;0
52,6,0;1;0;0
52,7,0;0;1;1
52,8,1;0;0;0
52,9,1;1;0;1
52,10,1;1;1;0
52,11,1;1;0;0
52,12,1;0;1;0
52,13,1;1;0;0
52,14,0;0;1;1
52,15,0;1;0;1
52,16,1;1;1;1
52,17,1;0;0;1
52,18,1;1;1;0
52,19,1;1;0;0
53,0,0;0;1;0
53,1,0;0;1;0
53,2,1;1;1;1
53,3,0;1;0;1
53,4,0;0;0;1
53,5,0;0;1;0
53,6,0;1;1;1
53,7,0;1;0;1
53,8,1;1;1;1
53,9,1;1;0;1
53,10,1;0;0;0
53,11,1;1;1;1
53,12,1;0;0;1
53,13,0;0;0;1
53,14,1;1;0;1
53,15,1;1;0;1
53,16,1;1;1;0
53,17,1;0;1;1
53,18,0;1;0;0
53,19,1;0;1;0
54,0,0;0;0;1
54,1,0;1;1;0
54,2,0;0;0;0
54,3,0;1;1;0
54,4,1;1;0;1
54,5,0;0;0;1
54,6,1;0;1;0
54,7,0;1;1;1
54,8,0;0;0;0
54,9,1;0;0;0
54,10,1;1;0;1
54,11,0;1;0;0
54,12,1;0;0;1
54,13,0;1;0;1
54,14,0;0;0;1
54,15,0;0;1;1
54,16,0;1;0;0
54,17,1;1;0;1
54,18,0;0;1;0
54,19,1;1;1;1
55,0,1;0;0;0
55,1,0;1;1;1
55,2,1;0;1;0
55,3,1;1;1;1
55,4,0;0;0;1
55,5,0;1;1;0
55,6,1;0;1;1
55,7,1;0;1;0
55,8,0;1;0;1
55,9,1;1;1;0
55,10,0;1;0;1
55,11,1;1;1;0
55,12,0;1;1;0
55,13,0;1;1;0
55,14,1;0;1;1
55,15,0;1;0;1
55,16,1;0;1;0
55,17,0;0;1;0
55,18,1;0;0;0
55,19,0;1;0;1
56,0,1;1;1;1
56,1,1;1;1;0
56,2,1;1;0;0
56,3,1;0;0;0
56,4,0;0;0;1
56,5,0;0;0;0
56,6,1;1;1;1
56,7,0;0;1;0
56,8,1;1;1;0
56,9,1;1;0;1
56,10,0;1;1;0
56,11,1;0;0;1
56,12,1;1;0;1
56,13,1;1;0;0
56,14,1;1;0;0
56,15,0;1;1;0
56,16,0;1;1;1
56,17,1;1;1;0
56,18,1;0;1;1
56,19,0;1;0;1
57,0,0;0;0;1
57,1,0;0;0;0
57,2,0;1;0;1
57,3,0;0;1;1
57,4,0;0;0;0
57,5,0;1;0;0
57,6,0;0;0;1
57,7,0;1;0;0
57,8,1;0;0;0
57,9,0;1;1;0
57,10,0;1;0;1
57,11,0;0;0;1
57,12,1;0;1;1
57,13,0;0;1;1
57,14,0;0;0;0
57,15,1;0;0;0
57,16,1;0;0;1
57,17,1;1;1;0
57,18,0;1;0;1
57,19,1;1;0;1
58,0,0;1;1;1
58,1,1;1;0;1
58,2,0;0;1;0
58,3,1;1;1;1
58,4,0;0;1;0
58,5,1;1;1;0
58,6,1;1;1;1
58,7,1;0;0;1
58,8,0;0;1;0
58,9,1;1;0;1
58,10,0;0;0;1
58,11,1;0;1;1
58,12,1;0;1;0
58,13,1;1;1;0
58,14,0;1;1;1
58,15,0;1;1;0
58,16,0;0;0;1
58,17,0;1;0;1
58,18,1;0;1;0
58,19,1;0;0;0
59,0,1;1;1;1
59,1,1;0;1;0
59,2,0;1;1;0
59,3,1;0;1;1
59,4,0;0;1;0
59,5,1;1;1;1
59,6,1;1;1;0
59,7,1;0;1;1
59,8,0;0;1;1
59,9,0;1;1;0
59,10,1;1;0;1
59,11,1;1;1;0
59,12,1;1;1;1
59,13,0;0;0;1
59,14,0;0;1;1
59,15,1;0;1;0
59,16,1;0;0;0
59,17,1;0;1;1
59,18,1;0;1;1
59,19,0;1;0;1
60,0,1;1;1;0
60,1,1;0;1;0
60,2,0;1;0;0
60,3,1;0;0;1
60,4,0;0;1;0
60,5,1;0;0;0
60,6,1;0;0;1
60,7,0;1;0;0
60,8,1;1;0;0
60,9,0;0;0;0
60,10,0;1;1;1
60,11,0;1;1;1
60,12,1;1;0;0
60,13,1;1;0;1
60,14,0;1;1;1
60,15,0;1;0;1
60,16,0;0;0;1
60,17,1;0;0;0
60,18,0;1;1;1
60,19,0;1;1;0
61,0,1;0;0;1
61,1,0;1;1;0
61,2,1;1;1;1
61,3,1;0;1;1
61,4,0;0;0;1
61,5,0;0;1;1
61,6,0;1;1;0
61,7,0;1;1;0
61,8,1;0;0;1
61,9,0;0;0;0
61,10,1;0;1;0
61,11,0;1;0;0
61,12,1;0;1;0
61,13,0;0;1;0
61,14,1;1;0;0
61,15,0;0;0;0
61,16,1;1;0;0
61,17,0;1;1;0
61,18,1;0;0;0
61,19,1;1;1;0
62,0,1;1;0;1
62,1,0;1;1;0
62,2,0;1;0;0
62,3,0;0;0;1
62,4,0;1;1;0
62,5,1;1;1;1
62,6,0;0;0;0
62,7,0;0;0;0
62,8,0;1;1;1
62,9,0;1;1;1
62,10,1;1;1;1
62,11,0;0;0;0
62,12,0;1;0;1
62,13,1;1;0;0
62,14,1;1;1;1
62,15,1;1;0;1
62,16,1;1;1;0
62,17,1;1;0;0
62,18,0;0;1;0
62,19,0;0;1;0
63,0,1;0;1;1
63,1,0;1;0;0
63,2,0;1;0;0
63,3,0;1;0;1
63,4,0;1;1;0
63,5,0;1;1;0
63,6,0;1;0;1
63,7,1;1;1;1
63,8,0;1;1;0
63,9,0;1;1;0
63,10,0;1;1;1
63,11,1;0;1;0
63,12,1;1;1;1
63,13,1;0;0;1
63,14,1;1;1;0
63,15,0;1;0;0
63,16,0;1;0;1
63,17,1;0;0;0
63,18,1;1;1;1
63,19,0;0;0;0
64,0,1;1;0;1
64,1,1;0;1;1
64,2,1;0;0;0
64,3,0;0;0;0
64,4,1;1;0;1
64,5,1;1;1;0
64,6,0;1;0;1
64,7,1;0;1;0
64,8,1;1;0;1
64,9,0;1;0;1
64,10,1;0;0;0
64,11,1;1;1;1
64,12,1;1;0;0
64,13,1;0;0;0
64,14,0;0;0;1
64,15,0;1;0;1
64,16,0;0;1;1
64,17,1;0;1;1
64,18,1;0;0;1
64,19,0;0;1;1
65,0,1;1;1;0
65,1,0;0;1;1
65,2,1;0;1;0
65,3,0;1;1;1
65,4,0;0;0;0
65,5,0;1;0;1
65,6,1;0;1;0
65,7,1;1;1;1
65,8,0;1;0;1
65,9,0;1;1;0
65,10,1;0;0;1
65,11,1;1;0;1
65,12,0;0;1;0
65,13,0;0;1;0
65,14,1;1;1;0
65,15,1;1;0;1
65,16,0;0;0;1
65,17,1;0;1;0
65,18,1;1;0;1
65,19,0;0;0;1
66,0,0;0;1;0
66,1,0;0;1;0
66,2,1;1;1;1
66,3,1;1;1;0
66,4,0;0;1;1
66,5,0;0;0;1
66,6,1;1;1;1
66,7,0;0;1;0
66,8,0;1;0;1
66,9,1;1;0;1
66,10,0;0;1;1
66,11,0;0;0;0
66,12,0;0;1;0
66,13,0;1;1;0
66,14,0;1;1;0
66,15,0;1;0;0
66,16,1;1;1;1
66,17,0;1;1;1
66,18,1;0;0;1
66,19,1;1;1;0
67,0,1;0;0;0
67,1,0;1;0;0
67,2,0;1;0;0
67,3,0;1;0;0
67,4,1;0;1;0
67,5,1;0;1;1
67,6,0;1;1;1
67,7,1;1;1;0
67,8,1;1;0;1
67,9,1;0;1;0
67,10,1;1;1;0
67,11,0;1;0;0
67,12,1;0;0;0
67,13,1;1;1;1
67,14,0;1;0;0
67,15,0;0;0;1
67,16,1;0;0;0
67,17,0;1;1;0
67,18,1;0;0;1
67,19,1;1;1;1
68,0,0;0;0;0
68,1,1;0;1;0
68,2,1;0;0;1
68,3,1;0;1;1
68,4,1;0;0;1
68,5,0;0;1;0
68,6,1;1;1;0
68,7,1;0;0;0
68,8,1;0;0;0
68,9,0;1;0;1
68,10,0;1;0;1
68,11,0;1;1;0
68,12,1;1;1;0
68,13,0;0;0;0
68,14,1;1;1;1
68,15,1;0;1;1
68,16,0;0;0;1
68,17,0;1;0;1
68,18,1;1;0;1
68,19,0;1;0;0
69,0,1;1;1;0
69,1,0;1;0;1
69,2,1;1;0;1
69,3,1;1;1;1
69,4,0;1;1;1
69,5,0;0;0;1
69,6,1;0;1;1
69,7,1;0;1;0
69,8,0;1;0;0
69,9,1;0;0;1
69,10,1;1;0;0
69,11,0;1;1;1
69,12,0;1;0;1
69,13,0;0;0;1
69,14,0;0;1;1
69,15,1;1;0;0
69,16,0;0;0;1
69,17,1;0;0;0
69,18,0;1;0;0
69,19,0;1;1;0
70,0,1;0;0;1
70,1,0;1;0;0
70,2,0;1;1;1
70,3,1;0;0;0
70,4,0;1;1;1
70,5,0;0;1;1
70,6,1;0;1;0
70,7,0;1;0;1
70,8,0;0;0;1
70,9,1;0;1;0
70,10,0;0;0;0
70,11,0;0;0;1
70,12,0;1;1;1
70,13,0;1;0;1
70,14,0;0;0;1
70,15,1;0;0;0
70,16,0;0;0;0
70,17,0;1;0;1
70,18,1;1;0;0
70,19,0;1;1;0
71,0,1;0;0;1
71,1,0;1;1;1
71,2,0;0;1;1
71,3,0;1;1;0
71,4,1;0;0;0
71,5,1;0;0;1
71,6,0;1;1;0
71,7,1;1;1;1
71,8,0;0;1;1
71,9,1;0;0;1
71,10,0;1;0;1
71,11,1;0;1;1
71,12,0;1;1;0
71,13,0;0;1;0
71,14,0;1;0;1
71,15,1;1;1;0
71,16,1;0;1;1
71,17,0;0;1;1
71,18,1;1;1;0
71,19,1;1;0;0
72,0,0;1;1;1
72,1,1;1;0;0
72,2,0;1;0;0
72,3,1;1;1;0
72,4,1;0;1;0
72,5,0;1;1;1
72,6,1;0;1;0
72,7,0;0;1;1
72,8,1;0;0;0
72,9,1;0;1;1
72,10,0;1;1;0
72,11,0;0;0;1
72,12,1;0;1;1
72,13,0;0;1;1
72,14,0;0;0;0
72,15,1;1;0;1
72,16,1;0;1;1
72,17,0;1;1;1
72,18,0;1;1;1
72,19,0;0;0;0
73,0,1;1;0;0
73,1,1;0;0;1
73,2,1;0;1;1
73,3,0;1;1;1
73,4,0;0;1;1
73,5,1;1;0;0
73,6,0;1;0;1
73,7,1;1;0;0
73,8,0;1;1;0
73,9,1;0;1;0
73,10,1;1;1;1
73,11,0;0;0;1
73,12,1;0;0;0
73,13,0;1;1;0
73,14,1;1;1;1
73,15,0;0;1;1
73,16,1;0;0;1
73,17,1;0;0;0
73,18,0;0;1;0
73,19,1;0;0;0
74,0,0;1;1;0
74,1,1;1;1;1
74,2,1;1;1;1
74,3,0;1;1;0
74,4,0;0;0;1
74,5,0;0;0;0
74,6,0;1;1;1
74,7,0;1;1;1
74,8,0;0;0;1
74,9,0;0;0;0
74,10,1;0;0;1
74,11,0;1;0;0
74,12,0;1;0;1
74,13,0;1;0;1
74,14,1;0;0;1
74,15,1;0;1;1
74,16,0;1;1;0
74,17,0;0;0;0
74,18,0;0;0;1
74,19,1;1;1;1
75,0,1;1;0;1
75,1,1;0;0;0
75,2,0;1;1;1
75,3,0;1;1;1
75,4,1;1;1;0
75,5,1;0;1;0
75,6,0;0;1;0
75,7,0;0;1;1
75,8,0;0;1;0
75,9,0;1;0;1
75,10,1;0;0;0
75,11,0;0;1;0
75,12,0;0;1;0
75,13,0;1;0;1
75,14,0;1;1;0
75,15,0;0;1;0
75,16,0;0;0;1
75,17,1;0;1;0
75,18,1;1;1;0
75,19,0;0;0;0
76,0,0;1;1;0
76,1,1;0;1;1
76,2,0;1;0;0
76,3,1;0;0;1
76,4,0;0;1;0
76,5,1;1;1;0
76,6,1;1;0;0
76,7,0;1;1;0
76,8,1;1;0;1
76,9,1;0;1;1
76,10,1;0;1;0
76,11,1;1;1;0
76,12,0;1;0;1
76,13,0;0;1;0
76,14,0;1;1;1
76,15,1;0;0;1
76,16,1;0;0;0
76,17,0;1;1;1
76,18,1;1;0;0
76,19,0;0;0;0
77,0,0;1;0;0
77,1,0;1;1;1
77,2,0;1;1;1
77,3,0;1;1;1
77,4,1;1;1;1
77,5,1;0;0;0
77,6,0;0;1;0
77,7,1;0;1;0
77,8,0;0;0;1
77,9,0;0;1;1
77,10,1;1;1;0
77,11,0;1;1;0
77,12,1;0;1;0
77,13,1;0;0;0
77,14,0;1;1;0
77,15,1;1;1;0
77,16,0;1;0;0
77,17,1;1;1;1
77,18,1;0;0;1
77,19,0;0;0;1
78,0,0;1;0;0
78,1,1;1;0;0
78,2,0;0;0;0
78,3,0;1;1;0
78,4,1;1;1;0
78,5,0;1;1;0
78,6,1;1;1;0
78,7,1;1;1;0
78,8,1;0;1;1
78,9,0;0;0;1
78,10,0;1;0;1
78,11,1;0;1;1
78,12,0;0;0;0
78,13,1;1;0;1
78,14,0;1;0;0
78,15,1;1;1;1
78,16,1;0;1;1
78,17,1;1;0;1
78,18,0;1;0;0
78,19,0;0;0;0
79,0,0;1;1;1
79,1,0;0;0;0
79,2,0;0;1;0
79,3,1;0;0;0
79,4,1;1;1;1
79,5,1;0;0;0
79,6,0;0;0;1
79,7,0;1;0;0
79,8,1;1;1;0
79,9,0;1;0;0
79,10,0;1;1;0
79,11,1;1;0;1
79,12,1;0;1;0
79,13,1;1;0;0
79,14,1;0;1;1
79,15,1;1;1;1
79,16,1;1;0;0
79,17,0;1;0;1
79,18,0;1;1;1
79,19,1;0;1;0
80,0,0;0;1;0
80,1,1;1;0;1
80,2,1;1;0;0
80,3,1;1;1;1
80,4,0;1;0;1
80,5,0;1;1;1
80,6,0;1;0;0
80,7,1;0;0;0
80,8,0;1;1;1
80,9,0;1;0;1
80,10,1;1;0;1
80,11,1;1;0;0
80,12,1;0;0;0
80,13,0;1;1;1
80,14,0;1;1;0
80,15,0;1;0;0
80,16,0;1;0;1
80,17,1;0;0;1
80,18,0;0;1;1
80,19,1;1;0;0
81,0,1;0;1;0
81,1,0;0;0;0
81,2,0;0;0;0
81,3,1;1;1;1
81,4,0;0;1;0
81,5,0;1;1;0
81,6,0;1;0;0
81,7,1;0;1;0
81,8,1;0;1;1
81,9,0;1;1;0
81,10,1;0;1;0
81,11,0;0;1;0
81,12,1;1;0;1
81,13,1;1;0;1
81,14,1;1;0;0
81,15,1;0;1;0
81,16,0;1;1;1
81,17,0;1;1;0
81,18,1;0;1;1
81,19,1;1;0;1
82,0,1;0;0;1
82,1,0;0;1;1
82,2,1;0;0;1
82,3,1;0;1;0
82,4,1;1;0;1
82,5,1;1;1;1
82,6,0;1;1;1
82,7,0;0;0;1
82,8,0;1;1;0
82,9,1;1;1;0
82,10,0;1;1;1
82,11,1;0;1;0
82,12,1;1;1;0
82,13,0;0;0;1
82,14,1;1;1;0
82,15,1;0;0;1
82,16,0;1;1;0
82,17,1;1;1;1
82,18,1;0;1;0
82,19,1;1;1;1
83,0,1;0;0;1
83,1,1;1;0;0
83,2,1;1;0;0
83,3,1;0;1;0
83,4,0;1;1;0
83,5,1;0;1;0
83,6,0;1;0;0
83,7,1;0;1;0
83,8,0;1;1;0
83,9,1;1;1;0
83,10,0;0;1;0
83,11,1;1;0;1
83,12,0;0;1;1
83,13,0;1;1;0
83,14,0;0;0;0
83,15,0;0;0;1
83,16,0;0;1;1
83,17,1;0;0;1
83,18,1;1;0;0
83,19,1;0;0;0
84,0,0;0;1;1
84,1,0;0;0;1
84,2,1;0;1;0
84,3,1;0;0;1
84,4,0;0;1;0
84,5,1;0;0;1
84,6,0;0;1;0
84,7,1;0;1;0
84,8,1;0;1;1
84,9,1;0;1;0
84,10,0;1;0;1
84,11,1;1;0;0
84,12,1;0;0;1
84,13,0;0;0;0
84,14,0;1;0;0
84,15,0;0;1;0
84,16,0;1;0;0
84,17,0;0;1;1
84,18,1;0;1;0
84,19,1;1;1;1
85,0,1;1;0;1
85,1,0;1;0;1
85,2,1;0;0;1
85,3,1;0;0;0
85,4,1;0;1;0
85,5,0;0;0;0
85,6,1;0;1;1
85,7,0;1;0;0
85,8,0;1;1;0
85,9,1;0;0;0
85,10,0;0;1;1
85,11,1;0;0;0
85,12,0;0;1;1
85,13,1;0;1;1
85,14,0;1;0;1
85,15,0;1;1;1
85,16,1;1;0;0
85,17,0;1;0;0
85,18,1;1;0;1
85,19,1;0;0;1
86,0,1;0;1;0
86,1,1;0;0;1
86,2,0;1;1;1
86,3,0;0;0;0
86,4,1;0;1;1
86,5,0;0;0;0
86,6,1;0;0;1
86,7,0;0;0;1
86,8,0;0;1;1
86,9,1;0;0;0
86,10,0;1;0;1
86,11,1;0;0;1
86,12,1;0;1;0
86,13,1;1;0;1
86,14,0;1;0;0
86,15,0;0;0;1
86,16,1;0;1;0
86,17,1;1;1;0
86,18,0;1;0;0
86,19,0;0;1;0
87,0,0;0;1;0
87,1,0;0;0;1
87,2,1;0;0;1
87,3,1;1;0;0
87,4,1;1;0;1
87,5,0;1;1;1
87,6,1;1;0;1
87,7,0;0;0;0
87,8,0;1;1;0
87,9,1;0;1;0
87,10,0;0;1;1
87,11,1;1;0;1
87,12,0;1;0;0
87,13,0;1;1;1
87,14,0;0;0;1
87,15,1;0;1;0
87,16,0;0;1;0
87,17,1;0;1;0
87,18,1;0;1;0
87,19,1;0;1;0
88,0,0;0;0;1
88,1,0;1;1;1
88,2,0;1;0;0
88,3,1;1;0;0
88,4,1;0;1;0
88,5,1;1;0;1
88,6,0;0;1;1
88,7,0;0;0;1
88,8,0;0;0;1
88,9,0;0;1;0
88,10,1;0;1;1
88,11,0;0;0;1
88,12,0;1;1;1
88,13,1;0;0;1
88,14,0;1;0;0
88,15,1;0;1;1
88,16,0;0;1;0
88,17,1;1;0;0
88,18,0;0;0;0
88,19,0;0;0;1
89,0,0;0;0;0
89,1,1;1;0;0
89,2,1;0;0;1
89,3,1;1;0;0
89,4,0;1;1;0
89,5,0;1;0;0
89,6,1;1;1;1
89,7,1;1;1;1
89,8,0;1;1;0
89,9,0;0;1;1
89,10,0;1;1;1
89,11,0;0;1;0
89,12,0;1;1;0
89,13,0;0;0;0
89,14,1;1;1;1
89,15,1;0;1;0
89,16,0;1;1;0
89,17,0;0;1;0
89,18,1;0;0;0
89,19,0;1;1;1
90,0,1;0;1;1
90,1,0;0;1;1
90,2,1;0;1;0
90,3,0;1;0;1
90,4,1;1;1;0
90,5,1;0;1;1
90,6,1;0;0;0
90,7,0;1;0;0
90,8,0;0;1;0
90,9,0;1;0;1
90,10,0;1;0;0
90,11,1;1;0;1
90,12,1;0;1;1
90,13,1;0;1;1
90,14,1;1;0;0
90,15,1;0;0;0
90,16,0;1;0;0
90,17,0;1;1;0
90,18,0;0;0;0
90,19,1;1;1;1
91,0,1;1;0;0
91,1,0;1;0;0
91,2,0;1;1;1
91,3,1;0;0;1
91,4,1;0;1;1
91,5,1;1;1;1
91,6,0;1;1;0
91,7,1;1;1;1
91,8,1;1;1;1
91,9,1;0;0;1
91,10,0;1;1;0
91,11,1;1;0;1
91,12,0;0;0;1
91,13,1;0;0;1
91,14,0;1;0;0
91,15,1;1;0;1
91,16,0;0;0;0
91,17,1;1;1;0
91,18,0;1;1;0
91,19,1;1;0;0
92,0,0;0;1;1
92,1,1;1;1;1
92,2,0;0;0;1
92,3,1;1;1;1
92,4,1;1;1;0
92,5,0;0;0;0
92,6,0;1;1;0
92,7,0;0;1;0
92,8,0;1;0;0
92,9,1;1;1;0
92,10,0;0;1;0
92,11,0;1;1;0
92,12,0;1;1;0
92,13,0;0;0;1
92,14,0;1;0;0
92,15,0;0;0;1
92,16,1;0;0;1
92,17,0;1;0;0
92,18,0;1;1;0
92,19,0;0;1;0
93,0,1;0;0;1
93,1,0;1;1;0
93,2,1;0;0;0
93,3,0;1;1;1
93,4,0;0;1;1
93,5,0;0;1;0
93,6,0;0;0;0
93,7,1;0;0;0
93,8,0;1;0;0
93,9,0;1;0;1
93,10,0;0;0;0
93,11,1;0;1;0
93,12,1;1;0;1
93,13,1;0;1;0
93,14,0;0;1;1
93,15,1;1;0;0
93,16,0;0;1;1
93,17,0;1;0;1
93,18,0;1;1;1
93,19,0;0;0;1
94,0,0;1;0;1
94,1,1;0;1;1
94,2,1;1;0;0
94,3,1;0;0;0
94,4,0;1;1;1
94,5,1;1;0;1
94,6,0;1;0;0
94,7,0;0;0;0
94,8,1;1;0;0
94,9,1;0;1;0
94,10,0;0;1;1
94,11,1;1;1;1
94,12,0;1;1;1
94,13,1;1;1;1
94,14,1;0;0;1
94,15,1;0;1;0
94,16,0;1;0;1
94,17,1;0;1;1
94,18,1;0;0;0
94,19,1;1;0;0
95,0,0;0;0;1
95,1,0;0;1;0
95,2,0;1;1;0
95,3,0;1;0;1
95,4,0;1;0;0
95,5,1;1;1;0
95,6,0;1;1;1
95,7,0;1;0;1
95,8,0;1;0;1
95,9,1;1;0;0
95,10,0;0;1;1
95,11,1;0;1;0
95,12,0;0;1;1
95,13,1;1;1;1
95,14,1;0;1;0
95,15,1;0;0;1
95,16,0;1;0;0
95,17,1;0;1;1
95,18,0;1;0;0
95,19,0;0;0;0
96,0,1;0;1;0
96,1,1;0;0;1
96,2,0;1;1;0
96,3,1;1;0;1
96,4,0;1;1;1
96,5,1;0;1;1
96,6,0;1;1;0
96,7,1;0;0;1
96,8,1;0;1;0
96,9,1;0;1;0
96,10,0;1;0;0
96,11,1;1;0;1
96,12,1;1;0;0
96,13,0;1;1;1
96,14,1;0;1;0
96,15,1;0;0;1
96,16,1;1;0;1
96,17,0;0;1;1
96,18,0;1;0;0
96,19,1;1;1;1
97,0,1;1;0;1
97,1,1;0;1;1
97,2,1;0;1;0
97,3,1;1;1;1
97,4,1;0;0;0
97,5,1;0;1;1
97,6,1;1;0;1
97,7,0;1;1;1
97,8,0;1;0;1
97,9,0;0;0;1
97,10,1;0;0;0
97,11,1;0;1;0
97,12,0;0;1;0
97,13,1;0;1;0
97,14,0;0;0;0
97,15,1;1;1;0
97,16,0;1;1;0
97,17,0;1;1;1
97,18,1;0;0;0
97,19,1;0;0;1
98,0,0;1;0;1
98,1,1;0;0;0
98,2,0;0;0;1
98,3,0;0;1;0
98,4,0;0;1;0
98,5,1;0;1;1
98,6,1;1;1;0
98,7,0;0;0;0
98,8,1;0;0;0
98,9,1;1;0;0
98,10,1;1;0;1
98,11,0;0;1;1
98,12,0;0;1;0
98,13,0;1;1;0
98,14,0;1;1;1
98,15,0;1;1;0
98,16,1;1;0;0
98,17,1;0;1;0
98,18,0;1;0;0
98,19,1;0;0;1
99,0,0;1;1;0
99,1,1;1;1;0
99,2,1;0;1;0
99,3,0;1;0;1
99,4,1;1;0;1
99,5,1;1;0;1
99,6,1;0;1;0
99,7,1;1;0;0
99,8,0;0;1;0
99,9,0;0;0;0
99,10,1;0;1;1
99,11,1;1;0;1
99,12,1;1;1;1
99,13,1;1;0;1
99,14,1;1;0;1
99,15,0;0;1;0
99,16,0;0;1;1
99,17,1;1;1;0
99,18,0;0;1;1
99,19,0;1;1;0
